2470;Акулий жир крем для лица дневн.от морщин Q10/эластин 50мл
44799;Кудесан Q10 Кардио Калий/магний таблетки №40
42760;Коэнзим Q10 Анти Эйдж Эвалар капсулы 100мг №30
40252;Доппельгерц актив Омега-3 + Коэнзим Q10 капсулы №30
44510;Кудесан Q10 Кардио Форте раствор для внутреннего применения 20мл
44798;Кудесан Q10 Кардио Форте таблетки №20
27844;Доппельгерц актив Коэнзим Q10 капсулы №30
37017;Доппельгерц V.I.P. Гиалурон. к-та+Биотин+Q10+Вит. С+Цинк капсулы №30
6778;Солгар Коэнзим Q10 60мг капсулы №30
44202;Солгар Коэнзим Q10 100мг капсулы №30
19376;Йодинол раствор 100мл
37484;Эго мюсли Клубника железо/вит. в йогурте 25г
23188;Йод раствор спиртовой 5% 25мл
3449;Леовит БиоСлимика батончик протеин. Йогурт/лимон 40г
5219;Йод раствор спиртовой 5% 10мл лопатка
19406;Йод-Актив таблетки №40
22893;Йод-Актив 100 таблетки №30
17682;Блок Глюкоза Вит.С/Клубника/йогурт таблетки №18
12527;Йод-Актив таблетки №80
9701;Дрожжи пивные Экко плюс Йод/кальций таблетки №100
11281;Дрожжи пивные Экко плюс Йод таблетки №100
28250;Йод-Актив 100 таблетки №60
428;Йодомарин 200 таблетки №50
931;Йодомарин 100 таблетки №100
28305;Йокс раствор наружный 50мл
532;Йодомарин 200 таблетки №100
8080;Йод-Актив таблетки №200
9569;Йокс спрей местн. 30мл
39911;Йодомарин Для будущей мамы 140мг таблетки №30
9579;Йогулакт капсулы 400мг №30
46561;Солгар Йод из бурых водорослей/Калия йодид таблетки №250
2152;Акулий жир маска для контура глаз от темн.кругов/мешков петрушка 10мл
2148;Акулий жир маска д/лица/декольте д/уставш.кожи женьшень 10мл
2150;Акулий жир маска для контура глаз от морщин ламинария 10мл
2149;Акулий жир маска для лица лифтинг зел.чай 10мл
2151;Акулий жир маска для лица омолаж.лифтинг масло жожоба 10мл
9760;5 дней лосьон для ног против пота/запаха 50мл
7738;Горный чистотел бальзам 1,2мл
2153;Акулий жир маска для лица освеж.арбуз 10мл
2077;Акулий жир маска для лица против носогубн.складок дыня 10мл
43824;Би Велл Рехаб бандаж дородовый р.M белый W-432
43823;Би Велл Рехаб бандаж дородовый р.S белый W-432
43825;Би Велл Рехаб бандаж дородовый р.L белый W-432
26904;Би Велл Рехаб бандаж на руку косыночный M сер. W-211
26902;Би Велл Рехаб бандаж на руку косыночный L сер. W-211
13895;Би Велл Рехаб бандаж на брюшн. стенку р.S белый W-421
43822;Би Велл Рехаб бандаж дородовый р.XL белый W-432
40742;Би Велл Рехаб бандаж на брюшн. стенку р.XL белый W-425
13893;Би Велл Рехаб бандаж на брюшн. стенку р.M белый W-421
15168;Би Велл Рехаб Бандаж на колен. сустав р.XL беж. W-331
13879;Би Велл Рехаб Бандаж на колен. сустав р.M беж. W-331
13878;Би Велл Рехаб Бандаж на колен. сустав р.L беж. W-331
40740;Би Велл Рехаб бандаж на брюшн. стенку р.S белый W-425
13894;Би Велл Рехаб бандаж на брюшн. стенку р.XL белый W-421
26915;Би Велл Рехаб бандаж на брюшн. стенку р.XXL белый W-421
15170;Би Велл Рехаб Бандаж на колен. сустав усилен. р.XL беж. W-332
13880;Би Велл Рехаб Бандаж на колен. сустав усилен. р.L беж. W-332
13881;Би Велл Рехаб Бандаж на колен. сустав усилен. р.M беж. W-332
13877;Би Велл Рехаб Бандаж на лучезапяст. сустав регулир. универсал. беж. W-244
15167;Би Велл Рехаб Бандаж на колен. сустав р.S беж. W-331
26905;Би Велл Рехаб бандаж на руку косыночный S сер. W-211
13892;Би Велл Рехаб бандаж на брюшн. стенку р.L белый W-421
15169;Би Велл Рехаб Бандаж на колен. сустав усилен. р.S беж. W-332
27858;Би Велл Аспиратор детский WC-150
5856;Би Велл Ингалятор компрессорный WN-117
18322;Би Велл Ирригатор полости рта WI-911
27629;Циновит гель для душа д/проблемн.кожи 150мл
5852;Циновит спрей д/проблемн.кожи 75мл
43571;Циновит шампунь против перхоти ежедн. 150мл
27630;Циновит шампунь против перхоти 150мл
14690;Циновит крем-гель д/проблемн.кожи 35мл
11586;Циновит крем от аллерг. прояв. на коже 40мл
10216;Ци-Клим Витамины для женщин 45+ таблетки №60
40808;Народные рецепты маска для волос целебн.дегтярн. 155мл
30103;Рич зубная щетка Wonder Grip (6-12лет)
24421;Контекс гель-смазка Wave (увлаж.) 30мл
8373;Трость телескоп. рукоятка Т-образ. (WR411) серебро
2182;Трость склад. (WR412)
2180;Трость телескоп. рукоятка Комфорт (WR416)
43820;Трость телескоп. рукоятка Т-образ. (WR411) бронза
2181;Трость телескоп. УПС (WR413)
15572;Контекс гель-смазка Wave (увлаж.) 100мл
2183;Костыль локтевой Канадка регулир. (WR322)
8371;Трость телескоп. Пирамид. опора бол. (WR-421)
2023;Костыли подмыш. сред. пара (WR311)
